;英语;简体中文;繁体中文;西班牙语;俄语;葡萄牙语;德语;韩语;日语;法语;意大利语;阿拉伯语
歌曲名;Happy New Year;新年快乐;新年快樂;Happy New Year;С новым годом;Happy New Year;Happy New Year;새해 복 많이 받으세요;Happy New Year;Happy New Year;Happy New Year;سنة جديدة سعيدة
歌曲名;Jingle Bells;铃儿响叮当;鈴兒響叮噹;Jingle Bells;Джингл Белз;Jingle Bells;Jingle Bells;징글 벨;Jingle Bells;Jingle Bells;Jingle Bells;اجراس الميلاد
歌曲名;Canon;卡农;卡農;Canon;Канон;Canon;Canon;카논;Canon;Canon;Canon;كاهن
歌曲名;3 Ecossaises Op.72 No.3;苏格兰舞曲Op.72 No.3;蘇格蘭舞曲Op.72 No.3;3 Ecossaises Op.72 No.3;3 Ecossaises Op.72 №4;3 Ecossaises Op.72 No.3;3 Ecossaises Op.72 Nr.3;3에토세즈 Op.72 No.3;3 Ecossaises Op.72 No.3;3 Ecossaises Op.72 No.3;3 Ecossaises Op.72 No.3;3 الاسكتلندي Op.72 No.3
歌曲名;Happy Birthday to You;祝你生日快乐;祝你生日快樂;Feliz Cumpleaños;С днём рождения;Parabéns pra você;Happy Birthday to You;생일 축하합니다;Happy Birthday to You;Feliz Cumpleaños;Feliz Cumpleaños;عيد ميلاد سعيد
歌曲名;Two Tigers;两只老虎;兩隻老虎;Two Tigers;Два Тигра;Two Tigers;Two Tigers;호랑이 두 마리;Two Tigers;Two Tigers;Two Tigers;نمرين
歌曲名;Little Star;小星星;小星星;Little Star;Маленькая звезда;Little Star;Kleiner Stern;반짝반짝 작은별;Little Star;Little Star;Little Star;نجمة صغيرة
歌曲名;Jasmine;茉莉花;茉莉花;Jasmine;Жасмин;Jasmine;Jasmine;재스민;Jasmine;Jasmine;Jasmine;الياسمين
歌曲名;6 Ecossaises WoO 83;埃克萨斯舞曲;埃克薩斯舞曲;6 Ecossaises WoO 83;6 Ecossaises WoO 83;6 Ecossaises WoO 83;6 Ecossaises WoO 83;6개의 에코세즈 WoO 83;6 Ecossaises WoO 83;6 Ecossaises WoO 83;6 Ecossaises WoO 83;6 Ecossaises WoO 83
歌曲名;Paganini Rhapsody Var.18;帕格尼尼主题狂想曲;帕格尼尼主題狂想曲;Paganini Rhapsody Var.18;Паганини Рапсодия вар.18;Paganini Rhapsody Var.18;Paganini Rhapsodie 18.Var.;파가니니 랩소디 18번 변주곡;Paganini Rhapsody Var.18;Paganini Rhapsody Var.18;Paganini Rhapsody Var.18;بجنني ربسدي Var.18
歌曲名;Album-leaf Op.12 No.7;纪念册的一页;紀念冊的一頁;Album-leaf Op.12 No.7;Album-leaf Op.12 No.7;Album-leaf Op.12 No.7;Album-leaf Op.12 Nr.7;Album-leaf Op.12 No.7;Album-leaf Op.12 No.7;Album-leaf Op.12 No.7;Album-leaf Op.12 No.7;No.7 Op.12 ألبوم ليف
歌曲名;American Patrol;巡逻兵进行曲;巡邏兵進行曲;American Patrol;Американский патруль;American Patrol;American Patrol;미국 순찰병 행진곡;American Patrol;American Patrol;American Patrol;دورية أمريكية
歌曲名;Dreaming of Home and Mother;送别;送別;Dreaming of Home and Mother;Dreaming of Home and Mother;Dreaming of Home and Mother;Dreaming of Home and Mother;집 어머니의 꿈;Dreaming of Home and Mother;Dreaming of Home and Mother;Dreaming of Home and Mother;الحلم بالبيت والام
歌曲名;Bridal Chorus;婚礼合唱;婚禮合唱;Bridal Chorus;Bridal Chorus;Bridal Chorus;Bridal Chorus;신부 행진곡;Bridal Chorus;Bridal Chorus;Bridal Chorus;بريدل كورس
歌曲名;Nocturne Op.9 No.2;降E大调夜曲;降E大調夜曲;Nocturne Op.9 No.2;НоктюрнOp.9 №2 ;Nocturne Op.9 No.2;Nocturne Op.9 Nr.2;녹턴 Op.9 No.2;Nocturne Op.9 No.2;Nocturne Op.9 No.2;Nocturne Op.9 No.2;نوكتيورنOp.9 No.2
歌曲名;Auld Lang Syne;友谊地久天长;友誼地久天長;Auld Lang Syne;Старое доброе время;Auld Lang Syne;Auld Lang Syne;올드 랭 사인;Auld Lang Syne;Auld Lang Syne;Auld Lang Syne;اولد لانغ سين
歌曲名;Heidenroslein;野玫瑰;野玫瑰;Heidenroslein;Дикая роза;Heidenroslein;Heideröslein;들장미;Heidenroslein;Heidenroslein;Heidenroslein;روز البرية
歌曲名;Flower and Youth;花儿与少年;花兒與少年;Flower and Youth;Цветы и молодёжь;Flower and Youth;Flower and Youth;꽃과 소년;花と少年;Flower and Youth;Flower and Youth;زهرة والشباب
歌曲名;The Swan;天鹅;天鵝;The Swan;Лебедь;The Swan;Der Schwan;백조;The Swan;The Swan;The Swan;البجعة
歌曲名;Au clair de la lune;在月光下;在月光下;Au clair de la lune;Au clair de la lune;Au clair de la lune;Au clair de la lune;달빛을 맞으며;Au clair de la lune;Au clair de la lune;Au clair de la lune;في ضوء القمر
歌曲名;Spinner;纺织姑娘;紡織姑娘;Spinner;Пряха;Spinner;Spinner;스피너;Spinner;Spinner;Spinner;الغزال
歌曲名;Yankee Doodle;扬基歌;揚基歌;Yankee Doodle;Янки Дудль;Yankee Doodle;Yankee Doodle;미국 사람;Yankee Doodle;Yankee Doodle;Yankee Doodle;ينكي دودل
歌曲名;Arirang;阿里郎;阿里郎;Arirang;Ариран;Arirang;Arirang;아리랑;Arirang;Arirang;Arirang;أريرانج
歌曲名;Birds Worship Phoenix;百鸟朝凤;百鳥朝鳳;Birds Worship Phoenix;Birds Worship Phoenix;Birds Worship Phoenix;Birds Worship Phoenix;백조조봉;Birds Worship Phoenix;Birds Worship Phoenix;Birds Worship Phoenix;مئات الطيور عبادة فينيكس
歌曲名;Clouds Chasing The Moon;彩云追月-节日版;彩雲追月-節日版;Clouds Chasing The Moon;Clouds Chasing The Moon;Clouds Chasing The Moon;Clouds Chasing The Moon;달을 따라간 노을;Clouds Chasing The Moon;Clouds Chasing The Moon;Clouds Chasing The Moon;الغيوم الملونة مطاردة القمر
歌曲名;Country Dances;乡村舞曲;鄉村舞曲;Country Dances;Контрданс;Country Dances;Country Dances;컨트리댄스;Country Dances;Country Dances;Country Dances;رقصات القرية
歌曲名;Dance of the Little Swans;四小天鹅;四小天鵝;Dance of the Little Swans;Танец маленьких лебедей;Dance of the Little Swans;Dance of the Little Swans;작은백조의춤;Dance of the Little Swans;Dance of the Little Swans;Dance of the Little Swans;رقصة البجع الصغيرة
歌曲名;Die Forelle S.564;鳟鱼 S.564;鱒魚 S.564;Die Forelle S.564;Die Forelle S.564;Die Forelle S.564;Die Forelle S.564;송어 S.564;Die Forelle S.564;Die Forelle S.564;Die Forelle S.564;سمك السلمون المرقط S.564
歌曲名;Drei Intermezzi;降E大调间奏曲;降E大調間奏曲;Drei Intermezzi;Drei Intermezzi;Drei Intermezzi;Drei Intermezzi;3개의인터메조;Drei Intermezzi;Drei Intermezzi;Drei Intermezzi;كلية دبي العقارية فاصل مسرحي
歌曲名;Troika;三套车;三套車;Troika;Тройка почтовая;Troika;Troika;뜨로이까;Troika;Troika;Troika;ترويكا
歌曲名;Espana Cani;西班牙斗牛舞曲;西班牙鬥牛舞曲;España Cañí;Эспанья Кани;Espana Cani;Espana Cani;에스파냐 카니;Espana Cani;Espana Cani;Espana Cani;اسبانى كان
歌曲名;Craving for the Spring Wind;望春风;望春風;Craving for the Spring Wind;Craving for the Spring Wind;Craving for the Spring Wind;Craving for the Spring Wind;봄바람을 맞으며;Craving for the Spring Wind;Craving for the Spring Wind;Craving for the Spring Wind;حنين لربيع الرياح
歌曲名;Ode An Die Freude;欢乐颂;歡樂頌;Ode an die Freude;Ода к радости;Ode to joy;Ode an die Freude;환희에 부침;Ode An Die Freude;Ode An Die Freude;Ode An Die Freude;أد أن دي فرود
歌曲名;The Blue Danube;蓝色多瑙河;藍色多瑙河;The Blue Danube;На Прекрасном Голубом Дунае;The Blue Danube;The Blue Danube;푸른 도나우 강;The Blue Danube;The Blue Danube;The Blue Danube;الدانوب الأزرق
歌曲名;Evening song of the Fisherman;渔舟唱晚;漁舟唱晚;Evening song of the Fisherman;Evening song of the Fisherman;Evening song of the Fisherman;Evening song of the Fisherman;어주창만;Evening song of the Fisherman;Evening song of the Fisherman;Evening song of the Fisherman;أغنية المساء للصياد
歌曲名;Gran Vals;大峡谷;大峽谷;Gran Vals;Gran Vals;Gran Vals;Gran Vals;"대왈츠;;;;
歌曲名;Wedding March;婚礼进行曲;婚禮進行曲;Wedding March;Свадебный марш;Wedding March;Hochzeitsmarsch;축혼행진곡;Wedding March;Wedding March;Wedding March;عرس مارس
歌曲名;Habanera;哈巴涅拉舞曲;哈巴涅拉舞曲;Habanera;Хабанера;Habanera;Habanera;하바네라;Habanera;Habanera;Habanera;هابنرة
歌曲名;Impromptu Op.142 No.3;即兴曲 Op.142 No.3;即興曲 Op.142 No.3;Impromptu Op.142 No.3;Экспромт Op.142 No.3;Impromptu Op.142 No.3;Impromptu Op.142 Nr.3;즉흥곡 Op.142 No.3;Impromptu Op.142 No.3;Impromptu Op.142 No.3;Impromptu Op.142 No.3;No.3 Op.142 ارتجال
歌曲名;We Wish You a Merry Christmas;我们祝你圣诞快乐;我們祝你聖誕快樂;We Wish You a Merry Christmas;We Wish You a Merry Christmas;We Wish You a Merry Christmas;We Wish You a Merry Christmas;We Wish You a Merry Christmas;We Wish You a Merry Christmas;We Wish You a Merry Christmas;We Wish You a Merry Christmas;نتمنى لك عيد ميلاد مجيد
歌曲名;Minuet in G;G大调小步舞曲;G大調小步舞曲;Minuet in G;Менуэт в G;Minuet in G;Menuett in G;G장조 미뉴에트;Minuet in G;Minuet in G;Minuet in G;رقصة كلاسيكية في G
歌曲名;Amazing Grace;奇异恩典;奇異恩典;Amazing Grace;О, благодать;Amazing Grace;Amazing Grace;나 같은 죄인 살리신;Amazing Grace;Amazing Grace;Amazing Grace;نعمة رائعة
歌曲名;Three Bears;三只小熊;三隻小熊;Three Bears;Три Медведя;Three Bears;Die Drei Bären;곰돌이송;Three Bears;Three Bears;Three Bears;ثلاثة دببة
歌曲名;Turkish March;土耳其进行曲;土耳其進行曲;Turkish March;Турецкий марш;Turkish March;Türkischer Marsch;터키 행진곡;Turkish March;Marche Turque;Turkish March;تركي مارس
歌曲名;Red River Valley;红河谷;紅河谷;Red River Valley;Долина Красной Реки;Red River Valley;Red River Valley;레드 리버 밸리;Red River Valley;Red River Valley;Red River Valley;وادي النهر الأحمر
歌曲名;Gertrude's dream waltz;格特鲁德的梦想;格特魯德的夢想;Gertrude's dream waltz;Gertrude's dream waltz;Gertrude's dream waltz;Gertrude's dream waltz;거투루드의 꿈;Gertrude's dream waltz;Gertrude's dream waltz;Gertrude's dream waltz;حلم الفالس لجيرترود
歌曲名;Silent Night;平安夜;平安夜;Silent Night;Тихая ночь;Silent Night;Silent Night;크리스마스 이브;Silent Night;Silent Night;Silent Night;ليلة صامتة
歌曲名;Gavotte;加沃特舞曲;加沃特舞曲;Gavotte;Гавот;Gavotte;Gavotte;가보트;Gavotte;Gavotte;Gavotte;رقصة الغافوتية
歌曲名;Vals del Recuerdo;怀念的山谷;懷念的山谷;Vals del Recuerdo;Vals del Recuerdo;Vals del Recuerdo;Vals del Recuerdo;회상의 왈츠;Vals del Recuerdo;Vals del Recuerdo;Vals del Recuerdo;فالس دل ريكاردو
歌曲名;The Painter;粉刷匠;粉刷匠;The Painter;Художник;The Painter;The Painter;페인터;The Painter;The Painter;The Painter;الرسام
歌曲名;Santa Lucia;桑塔露琪娅;桑塔露琪婭;Santa Lucia;Санта Лючия;Santa Lucia;Santa Lucia;산타루치아;Santa Lucia;Santa Lucia;Santa Lucia;سانتا لوسيا
歌曲名;Bella Ciao;啊朋友再见;啊朋友再見;Bella Ciao;Белла Чао;Bella Ciao;Bella Ciao;안녕,내사랑;Bella Ciao;Bella Ciao;Bella Ciao;مرحبا جميلة
歌曲名;Market;集市;集市;Market;Market;Market;Market;마켓;Market;Market;Market;سوق
歌曲名;Piano Sonata No.2;降b小调奏鸣曲;降b小調奏鳴曲;Piano Sonata No.2;Соната Для Фортепиано №2;Piano Sonata No.2;Piano Sonata Nr.2;피아노 소나타 No.2;Piano Sonata No.2;Piano Sonata No.2;Piano Sonata No.2;بيانو سنتا رقم 2
歌曲名;Johnny Has Gone for a Soldier;强尼从军去;強尼從軍去;Johnny Has Gone for a Soldier;Johnny Has Gone for a Soldier;Johnny Has Gone for a Soldier;Johnny Has Gone for a Soldier;쟈니는 군대에 가버렸어요;Johnny Has Gone for a Soldier;Johnny Has Gone for a Soldier;Johnny Has Gone for a Soldier;جوني وقد ذهب لجندي
歌曲名;Golden Snake Dance;金蛇狂舞;金蛇狂舞;Golden Snake Dance;Golden Snake Dance;Golden Snake Dance;Golden Snake Dance;금사왕무;Golden Snake Dance;Golden Snake Dance;Golden Snake Dance;رقص الأفعى الذهبية
歌曲名;Korobeiniki;卖货郎;賣貨郎;Korobeiniki;Коробейники;Korobeiniki;The Peddlers;방물장수들;Korobeiniki;Korobeiniki;Korobeiniki;الباعة المتجولين
歌曲名;London Bridge Is Falling Down;伦敦铁桥垮下来;倫敦鐵橋垮下來;London Bridge Is Falling Down;Лондонский мост падает;London Bridge Is Falling Down;London Bridge Is Falling Down;런던다리;London Bridge Is Falling Down;London Bridge Is Falling Down;London Bridge Is Falling Down;لندن بريدج هو السقوط
歌曲名;Happy Chinese New Year;恭喜恭喜;恭喜恭喜;Happy Chinese New Year;Happy Chinese New Year;Happy Chinese New Year;Happy Chinese New Year;축하 축하;Happy Chinese New Year;Happy Chinese New Year;Happy Chinese New Year;سنة صينية جديدة سعيدة
歌曲名;Song of selling newspapers;卖报歌;賣報歌;Song of selling newspapers;Song of selling newspapers;Song of selling newspapers;Song of selling newspapers;신문 사세요;Song of selling newspapers;Song of selling newspapers;Song of selling newspapers;أغنية لبيع الصحف
歌曲名;La Cucaracha;小强之歌;小強之歌;La Cucaracha;Кукарача;La Cucaracha;La Cucaracha;라쿠카라차;La Cucaracha;La Cucaracha;La Cucaracha;الصرصور
歌曲名;Angels we have heard on high;荣耀歌;榮耀歌;Angels we have heard on high;Ангелы, к нам весть дошла;Angels we have heard on high;Angels we have heard on high;천사들의 노래가;Angels we have heard on high;Angels we have heard on high;Angels we have heard on high;الملائكة التي سمعناها على ارتفاع
歌曲名;The Whisper Of West Wind;西风的话;西風的話;The Whisper Of West Wind;The Whisper Of West Wind;The Whisper Of West Wind;The Whisper Of West Wind;바람의속삭임;The Whisper Of West Wind;The Whisper Of West Wind;The Whisper Of West Wind;الهمس من الريح الغرب
歌曲名;Fur Elise;致爱丽丝;致愛麗絲;Fur Elise;К Элизе;Fur Elise;Für Elise;엘리제를 위하여;Fur Elise;Fur Elise;Fur Elise;إليز فراء
歌曲名;Sakura Sakura;樱花;櫻花;Sakura Sakura;Сакура сакура;Sakura Sakura;Sakura Sakura;벚꽃;Sakura Sakura;Sakura Sakura;Sakura Sakura;ساكورا ساكورا
歌曲名;Thanks to God;感谢神;感謝神;Thanks to God;Thanks to God;Thanks to God;Thanks to God;날 구원하신 주 감사;Thanks to God;Thanks to God;Thanks to God;أغنية عيد الفصح No.6
歌曲名;Spanish Dances;西班牙舞曲;西班牙舞曲;Spanish Dances;Испанский Танцы;Spanish Dances;Spanish Dances;스페인 무곡;Spanish Dances;Spanish Dances;Spanish Dances;الرقصات الأسبانية
歌曲名;Symphony No.40 in g;g小调第四十交响曲;g小調第四十交響曲;Symphony No.40 in g;Симфония №40;Symphony No.40 in g;Symphonie Nr.40 in G;교향곡 40 번 G 단조;Symphony No.40 in g;Symphony No.40 in g;Symphony No.40 in g;سيمفونية No.40 في ز
歌曲名;Carmen Overture;卡门序曲;卡門序曲;Carmen Overture;Кармен Увертюра;Carmen Overture;Carmen Overture;카르멘 서곡;Carmen Overture;Carmen Overture;Carmen Overture;كارمن مفاتحة
歌曲名;Aloha 'Oe;珍重再见;珍重再見;Aloha 'Oe;Aloha 'Oe;Aloha 'Oe;Aloha 'Oe;알로하 오에;Aloha 'Oe;Aloha 'Oe;Aloha 'Oe;الوهاأه
歌曲名;The Ruins of Athens No.4;雅典的废墟No.4;雅典的廢墟No.4;The Ruins of Athens No.4;Афинские развалины №4;The Ruins of Athens No.4;Die Ruinen von Athen Nr.4;아테네의 유적 No.4;The Ruins of Athens No.4;The Ruins of Athens No.4;The Ruins of Athens No.4;أطلال أثينا No.4
歌曲名;Longing for Spring K596;渴望春天;渴望春天;Longing for Spring K596;Longing for Spring K596;Longing for Spring K596;Longing for Spring K596;봄을 향한 오랜 기다림 K596;Longing for Spring K596;Longing for Spring K596;Longing for Spring K596;الحنين إلى الربيع K596
歌曲名;Old Folks at Home;故乡的亲人;故鄉的親人;Old Folks at Home;Old Folks at Home;Old Folks at Home;Old Folks at Home;고향 사람들;Old Folks at Home;Old Folks at Home;Old Folks at Home;أهالي البلدة
歌曲名;Loure;卢尔舞曲;盧爾舞曲;Loure;Loure;Loure;Loure;로우레;Loure;Loure;Loure;لور
歌曲名;Horse Racing;赛马;賽馬;Horse Racing;Лошадиные скачки;Horse Racing;Horse Racing;경마;Horse Racing;Horse Racing;Horse Racing;سباق الخيل
歌曲名;Peer Gynt Suite Op.46-4;在山魔王的宫殿里;在山魔王的宫殿里;Peer Gynt Suite Op.46-4;Пер гюнт сюита Op.46-4;Peer Gynt Suite Op.46-4;Peer Gynt Suite Op.46-4;페르귄트 모음곡 Op.46-4;Peer Gynt Suite Op.46-4;Peer Gynt Suite Op.46-4;Peer Gynt Suite Op.46-4;بير جينت سويت No.4 Op.46
歌曲名;Sonatina Op.36-1;小奏鸣曲Op.36-1;小奏鳴曲Op.36-1;Sonatina Op.36 No.1;Сонатина Op.36 №1;Sonatina Op.36 No.1;Sonatina Op.36 Nr.1;소나티네 Op.36 No.1;Sonatina Op.36 No.1;Sonatina Op.36 No.1;Sonatina Op.36 No.1;سوناتيناOp.36 No.1
歌曲名;Tempest Sonata Mov.3;暴风雨第三乐章;暴風雨第三樂章;Tempest Sonata Mov.3;Соната для фортепиано акт 3;Tempest Sonata Mov.3;Tempest Sonata Mov.3;템피스트 소나타 3 악장 ;Tempest Sonata Mov.3;Tempest Sonata Mov.3;Tempest Sonata Mov.3;تامبست سنتا Mov.3
歌曲名;El Reencuentro;重逢;重逢;El Reencuentro;El Reencuentro;El Reencuentro;El Reencuentro;재회;El Reencuentro;El Reencuentro;El Reencuentro;جمع الشمل
歌曲名;Sonata in E minor Mvt.1;e小调奏鸣曲 第一章;e小調奏鳴曲 第一章;Sonata in E minor Mvt.1;Соната ми минор 1 часть;Sonata in E minor Mvt.1;Sonata in E moll 1.Satz;e 속요 소나타 1 악장;Sonata in E minor Mvt.1;Sonata in E minor Mvt.1;Sonata in E minor Mvt.1;سنتا إن ا مينور Mvt.1
歌曲名;Seguidilla;塞桂第拉舞曲;塞桂第拉舞曲;Seguidilla;Сегидилья;Seguidilla;Seguidilla;세기디야;Seguidilla;Seguidilla;Seguidilla;صغيدلة
歌曲名;Penguin's Game;企鹅舞;企鵝舞;Penguin's Game;Penguin's Game;Penguin's Game;Penguin's Game;펭귄춤;Penguin's Game;Penguin's Game;Penguin's Game;لعبة البطريق
歌曲名;The music box;八音盒;八音盒;The music box;Музыкальная шкатулка;The music box;The music box;더 뮤직박스;The music box;The music box;The music box;صندوق الموسيقي
歌曲名;Dolls and Bear Dancing;洋娃娃和小熊跳舞;洋娃娃和小熊跳舞;Dolls and Bear Dancing;Польские песни;Dolls and Bear Dancing;Doll and Bear Dancing;인형이 곰과 춤을 추다;Dolls and Bear Dancing;Dolls and Bear Dancing;Dolls and Bear Dancing;الدمى والدب الراقص
歌曲名;Little Red Riding Hood;小红帽;小紅帽;Little Red Riding Hood;Красная шапочка;Little Red Riding Hood;Little Red Riding Hood;빨간 모자;Little Red Riding Hood;Little Red Riding Hood;Little Red Riding Hood;البنت التي لقبها القبعة الحمراء
歌曲名;Green Sleeves;绿袖子;綠袖子;Green Sleeves;Зеленые Рукава;Green Sleeves;Green Sleeves;푸른 옷소매;Green Sleeves;Green Sleeves;Green Sleeves;الأكمام الخضراء
歌曲名;The First Noel;第一个圣诞节;第一個聖誕節;The First Noel;The First Noel;The First Noel;The First Noel;더 퍼스트 노엘;The First Noel;The First Noel;The First Noel;نويل الأول
歌曲名;Eine Kleine Nachtmusik;G大调小夜曲No.1;G大調小夜曲No.1;Eine Kleine Nachtmusik;Серенада соль мажор;Eine Kleine Nachtmusik;Eine kleine Nachtmusik;아이네 클라이네 나흐트무지크;Eine Kleine Nachtmusik;Eine Kleine Nachtmusik;Eine Kleine Nachtmusik;يين كلين ناختموسيك
歌曲名;French Suite No.4-Gigue;基格法国组曲第四组;基格法國組曲第四組;French Suite No.4-Gigue;French Suite №4 - Gigue;French Suite No.4-Gigue;French Suite Nr.4-Gigue;프랑스 모음곡 No.4 지그;French Suite No.4-Gigue;French Suite No.4-Gigue;French Suite No.4-Gigue;الجناح الفرنسي رقم 4 جيغ
歌曲名;Wilde Jagd;狩猎;狩獵;Wilde Jagd;Wilde Jagd;Wilde Jagd;Wilde Jagd;사냥;Wilde Jagd;Wilde Jagd;Wilde Jagd;وايلد جغد
歌曲名;Waltz in E minor;e小调圆舞曲;e小調圓舞曲;Waltz in E minor;Вальс Ми минор;Waltz in E minor;Waltz in E-Moll;E단조 왈츠;Waltz in E minor;Waltz in E minor;Waltz in E minor;الفالس في قاصر E
歌曲名;Etude Op.599 No.55;车尔尼Op.599 No.55;車爾尼Op.599 No.55;Etude Op.599 No.55;Этюд Op.599 №55;Etude Op.599 No.55;Etude Op.599 Nr.55;에튀드 Op.599 No.55;Etude Op.599 No.55;Etude Op.599 No.55;Etude Op.599 No.55;القطعة الموسيقية Op.599 No.55
歌曲名;L'Arlesienne;阿莱城姑娘;阿萊城姑娘;L'Arlesienne;L'Arlesienne;L'Arlesienne;L'Arlesienne;아를의 여인;L'Arlesienne;L'Arlesienne;L'Arlesienne;لأرلسين
歌曲名;Bella Figlia Dell'Amore;美丽的爱之女;美麗的愛之女;Bella Figlia Dell'Amore;Bella Figlia Dell'Amore;Bella Figlia Dell'Amore;Bella Figlia Dell'Amore;사랑스럽고 아름다운 아가씨여;Bella Figlia Dell'Amore;Bella Figlia Dell'Amore;Bella Figlia Dell'Amore;ابنة جميلة من الحب
歌曲名;Polka Italienne;意大利波尔卡;意大利波爾卡;Polka Italienne;Итальянская полька;Polka Italienne;Polka Italienne;이탈리안 폴카;Polka Italienne;Polka Italienne;Polka Italienne;البولكا الإيطالي
歌曲名;Der Vogelfaenger bin ich ja;我是一个快乐的捕鸟人;我是一個快樂的捕鳥人;Der Vogelfaenger bin ich ja;Der Vogelfaenger bin ich ja;Der Vogelfaenger bin ich ja;Der Vogelfänger bin ich ja;나는야 새잡이;Der Vogelfaenger bin ich ja;Der Vogelfaenger bin ich ja;Der Vogelfaenger bin ich ja;در فجلفنجر بين ايش جا
歌曲名;Sonatina in G Major;G大调小奏鸣曲;G大調小奏鳴曲;Sonatina in G Major;Сонатина соль мажор;Sonatina in G Major;Sonatina in G-Dur;G장조 소나타;Sonatina in G Major;Sonatina in G Major;Sonatina in G Major;سنتينا إن ج ماجر
歌曲名;Nel cor piu non mi sento;心中欢乐已经失去;心中歡樂已經失去;Nel cor piu non mi sento;Nel cor piu non mi sento;Nel cor piu non mi sento;Nel cor piu non mi sento;내 마음엔 느껴지지 않네;Nel cor piu non mi sento;Nel cor piu non mi sento;Nel cor piu non mi sento;نيل كور بيو غير ميل في بلنسية سنتو
歌曲名;Swan Lake;天鹅湖 主题曲;天鵝湖 主題曲;Swan Lake;Лебединое озеро;Swan Lake;Schwanensee;백조의 호수;Swan Lake;Swan Lake;Swan Lake;بحيرة البجع
歌曲名;Prelude in C Major No.1;C大调前奏曲No.1;C大調前奏曲No.1;Prelude in C Major No.1;Prelude in C Major №1;Prelude in C Major No.1;Prelude in C-Dur Nr.1;C장조 서곡 No.1;Prelude in C Major No.1;Prelude in C Major No.1;Prelude in C Major No.1;مقدمة في سلم دو الكبير No.1
歌曲名;Long, Long Ago;多年以前;多年以前;Long, Long Ago;Long, Long Ago;Long, Long Ago;Long, Long Ago;옛날에;Long, Long Ago;Long, Long Ago;Long, Long Ago;منذ فترة طويلة طويلة
歌曲名;Minuet;小步舞曲;小步舞曲;Minuet;Менуэт;Minuet;Minuet;미뉴에트;Minuet;Minuet;Minuet;المينيويت رقصة بطيئة
歌曲名;Sonata in C Major K545;C大调奏鸣曲K545;C大調奏鳴曲K545;Sonata in C Major K545;Соната до мажор K545;Sonata in C Major K545;Sonata in C-Dur K545;C장조 소나타 K545;Sonata in C Major K545;Sonata in C Major K545;Sonata in C Major K545;سوناتا في C الرائد K545
歌曲名;Alles fuhlt der Liebe Freuden;所有的生物都感受到爱的狂喜;所有的生物都感受到愛的狂喜;Alles fühlt der Liebe Freuden;Alles fühlt der Liebe Freuden;Alles fühlt der Liebe Freuden;Alles fühlt der Liebe Freuden;모두가 사랑을 나누는데;Alles fühlt der Liebe Freuden;Alles fühlt der Liebe Freuden;Alles fühlt der Liebe Freuden;وترى كل شيء مباهج الحب
歌曲名;Sonata in C Major Mvt.2;C大调奏鸣曲 第二章;C大調奏鳴曲 第二章;Sonata in C Major Mvt.2;Соната до мажор 2 часть;Sonata in C Major Mvt.2;Sonata in C-Dur 2. Satz;C장조 소나타 2 악장;Sonata in C Major Mvt.2;Sonata in C Major Mvt.2;Sonata in C Major Mvt.2;سنتا إن C ماجر Mvt.2
歌曲名;Polka;波尔卡;波爾卡;Polka;Полька;Polka;Polka;폴카;Polka;Polka;Polka;رقصة بوهيمية
歌曲名;Heather Rose;杂色玫瑰;雜色玫瑰;Heather Rose;Heather Rose;Heather Rose;Heather Rose;황야의 장미꽃;Heather Rose;Heather Rose;Heather Rose;هيذر روز
歌曲名;La Styrienne;斯提利亚人;斯提利亞人;La Styrienne;La Styrienne;La Styrienne;La Styrienne;스티리아의여인;La Styrienne;La Styrienne;La Styrienne;ستيريا
歌曲名;Melody;旋律;旋律;Melody;Melody;Melody;Melody;멜로디;Melody;Melody;Melody;لحن
歌曲名;Sonatina Op.168 No.2;小奏鸣曲Op.168 No.2;小奏鳴曲Op.168 No.2;Sonatina Op.168 No.2;Сонатина Op.168 №2;Sonatina Op.168 No.2;Sonatina Op.168 Nr.2;작은 소나타 Op.168 No.2;Sonatina Op.168 No.2;Sonatina Op.168 No.2;Sonatina Op.168 No.2;سنتنا أب.168 رقم 2
歌曲名;Bagpipe Dance;风笛舞曲;風笛舞曲;Bagpipe Dance;Bagpipe Dance;Bagpipe Dance;Bagpipe Dance;백파이프 무곡;Bagpipe Dance;Bagpipe Dance;Bagpipe Dance;مزمار الرقص
歌曲名;Cancan;康康舞曲;康康舞曲;Cancan;Канкан;Cancan;Cancan;캉캉;Cancan;Cancan;Cancan;كان كان
歌曲名;Etude No.23;克拉莫练习曲No.23;克拉莫練習曲No.23;Etude No.23;Этюд №23;Etude No.23;Etude Nr.23;에튀드 No.23;Etude No.23;Etude No.23;Etude No.23;أنبوبNo.23
歌曲名;Clarinet Polka;单簧管波尔卡;單簧管波爾卡;Clarinet Polka;Кларнет Полька;Clarinet Polka;Klarinetten Polka;클라리넷 폴카;Clarinet Polka;Clarinet Polka;Clarinet Polka;كلارينيت  البولكا
歌曲名;Goldberg Variations;哥德堡变奏曲;哥德堡變奏曲;Goldberg Variations;Гольдберг Вариации;Goldberg Variations;Goldberg Variationen;골드베르크 변주곡;Goldberg Variations;Goldberg Variations;Goldberg Variations;تنويعات غولدبرغ
歌曲名;Arabesque Op.76 No.9;花纹Op.76 No.9;花紋Op.76 No.9;Arabesque Op.76 No.9;Арабеск Op.76 №9;Arabesque Op.76 No.9;Arabesque Op.76 Nr.9;아라베스크 Op.76 No.9;Arabesque Op.76 No.9;Arabesque Op.76 No.9;Arabesque Op.76 No.9;الأرابيسك أب.76 رقم 9
歌曲名;Hunter's Chorus;猎人合唱;獵人合唱;Hunter's Chorus;Huntsmen's Chorus;Hunter's Chorus;Hunter's Chorus;사냥꾼의 합창;Hunter's Chorus;Hunter's Chorus;Hunter's Chorus;جوقة الصياد
歌曲名;When He cometh;等主回来;等主回來;When He cometh;When He cometh;When He cometh;When He cometh;예수께서 오실 때에;When He cometh;When He cometh;When He cometh;أغنية عيد الفصح No.5
歌曲名;Singing I go;生命路上 ;生命路上;Singing I go;Singing I go;Singing I go;Singing I go;주 안에 있는 나에게;Singing I go;Singing I go;Singing I go;اذهب حيث الغناء
歌曲名;Magic Flute Op.9;魔笛主题变奏曲;魔笛主題變奏曲;Magic Flute Op.9;Волшебная флейта Op.9;Magic Flute Op.9;Magische Flöte Op. 9;마적 주제 변주곡;Magic Flute Op.9;The Blue Danube;Magic Flute Op.9;الناي السحري Op.9
歌曲名;Brandenburg Concerto No.2;勃兰登堡协奏曲 No.2;勃蘭登堡協奏曲 No.2;Brandenburg Concerto No.2;Бранденбургский концерт №2;Brandenburg Concerto No.2;Brandenburg Concerto Nr.2;브란덴부르크협주곡 No.2;Brandenburg Concerto No.2;Brandenburg Concerto No.2;Brandenburg Concerto No.2;براندنبورغ كونشرتو No.2
歌曲名;Sonata in B-flat Major Mvt.1;降B大调奏鸣曲 第一章;降B大調奏鳴曲 第一章;Sonata in B-flat Major Mvt.1;Соната №13, действие 1;Sonata in B-flat Major Mvt.1;Sonata in B-flat Dur 1. Satz;소나타 ♭B장조 1악장;Sonata in B-flat Major Mvt.1;Sonata in B-flat Major Mvt.1;Sonata in B-flat Major Mvt.1;سوناتا في B-شقة الرئيسية Mvt.1
歌曲名;Forest Polka;森林波尔卡;森林波爾卡;Forest Polka;Forest Polka;Forest Polka;Forest Polka;포리스트 폴카;Forest Polka;Forest Polka;Forest Polka;رقصة الغابة
歌曲名;Beyer No.8;拜厄练习曲No.8;拜厄練習曲No.8;Beyer No.8;Байер №8;Beyer No.8;Beyer Nr.8;바이어 연습곡 No.8;Beyer No.8;Beyer No.8;Beyer No.8;باير No.8
歌曲名;Etude Op.10 No.8;练习曲Op.10 No.8;練習曲Op.10 No.8;Etude Op.10 No.8;Этюд Op.10 №8;Etude Op.10 No.8;Etude Op.10 Nr.8;에튀드 Op.10 No.8;Etude Op.10 No.8;Etude Op.10 No.8;Etude Op.10 No.8;أنبوOp.25 No.8
歌曲名;Breeze;清风;清風;Breeze;Бриз;Breeze;Breeze;산들바람;Breeze;Breeze;Breeze;بريز
歌曲名;WTC1 No.3;前奏曲BWV848;前奏曲BWV848;WTC1 No.3;WTC1 №3;WTC1 No.3;WTC1 Nr.3;WTC1 No.3;WTC1 No.3;WTC1 No.3;WTC1 No.3;WTC1 رقم 3
歌曲名;Csikos Post;邮递马车;郵遞馬車;Csikos Post;Почтовая повозка;Csikos Post;Csikós Post;코시코스의 우편마차;Csikos Post;Csikos Post;Csikos Post;سيكوس المشاركة
歌曲名;The Fountain;喷泉;噴泉;The Fountain;Фонтан;The Fountain;Der Brunnen;분수;The Fountain;The Fountain;The Fountain;نافورة
歌曲名;Deck the Halls;装饰大厅;裝飾大廳;Deck the Halls;Украсьте зал;Deck the Halls;Deck the Halls;아릅답게 장식하세;Deck the Halls;Deck the Halls;Deck the Halls;سطح القاعات
歌曲名;Rondo A Major;A大调回旋曲;A大調迴旋曲;Rondo A Major;Рондо ля мажор;Rondo A Major;Rondo A Dur;론도 A 장조;Rondo A Major;Rondo A Major;Rondo A Major;روندو في A الرائد
作者;English Folk Music;英国民谣;英國民謠;folk británico;Британский фолк;popular britânica;britischen Folk;영국의 민속;英国フォーク;folk britannique;popolare britannico;الشعبية البريطانية
作者;James Lord Pierpont;詹姆斯·罗德·皮尔彭特;詹姆斯·羅德·皮爾彭特;James Rhodes Peale Ponte;Джеймс Роудс Пил Понте;James Rhodes Peale Ponte;James Rhodes Peale Ponte;제임스 로즈 필 테;ジェームズロードスピールポンテ;James Rhodes Peale Ponte;James Rhodes Peale Ponte;جيمس رودس بيل بونتي
作者;Johann Pachelbel;帕赫贝尔;帕赫貝爾;Pachelbel;Пахельбель;Pachelbel;Pachelbel;파헬벨;パッヘルベル;Pachelbel;Pachelbel;Pachelbel
作者;JerryC;张逸帆;張逸帆;jerryc;Jerryc;jerryc;JerryC;제리;Jerryc;JerryC;JerryC;Jerryc
作者;American Folk Music;美国民谣;美國民謠;popular de América;Американский фолк;folk americano;amerikanische Volks;미국의 민속;アメリカのフォーク;folk américain;folk americano;الشعبية الأمريكي
作者;French Folk Music;法国民谣;法國民謠;balada francés;Французская баллада;balada Francês;Französisch Ballade;프랑스어 발라드;フランスのバラード;ballade française;ballata francese;أغنية فرنسية
作者;English Folk Music;英国民谣;英國民謠;folk británico;Британский фолк;popular britânica;britischen Folk;영국의 민속;英国フォーク;folk britannique;popolare britannico;الشعبية البريطانية
作者;Chinese Folk Music;中国民谣;中國民謠;popular china;Китайская Народная;Folk chinesa;Chinese Folk;중국 민속;中国の民俗;Folk chinois;Folk cinese;الشعبي الصيني
作者;Narciso Yepes;那西索·叶佩斯;那西索·葉佩斯;Obradores de Cecil Pace;Ye, что Сесил Пейс;Ye que Cecil Pace;Ye, dass Cecil Pace;너희가 세실 페이스;イェそのセシルペース;Ye que Cecil Pace;Voi che Cecil Pace;أيها سيسيل بيس
作者;Rachmaninoff;拉赫玛尼诺夫;拉赫瑪尼諾夫;Rachmaninoff;Рахманинова;Rachmaninoff;Rachmaninoff;라흐마니노프;ラフマニノフ;Rachmaninoff;Rachmaninoff;رحمانينوف
作者;Night Knight;木村弓;木村弓;Kimura Yumi;Кимура Юми;Kimura Yumi;Kimura Yumi;기무라 유미;木村ゆみ;Kimura Yumi;Kimura Yumi;كيمورا يومي
作者;Bandari;班得瑞;班得瑞;Bandari;Бандари;Bandari;Bandari;Bandari;Bandari;Bandari;Bandari;بنداري
作者;John Pond Ordway;约翰·奥德威;約翰·奧德威;John Aode Wei;Джон Aode Вэй;John Aode Wei;John Aode Wei;존 Aode 웨이;ジョンAode魏;John Aode Wei;John Aode Wei;جون Aode وي
作者;Wagner;瓦格纳;瓦格納;Wagner;Вагнер;Wagner;wagner;바그너;ワーグナー;Wagner;Wagner;فاغنر
作者;Chopin;肖邦;肖邦;Chopin;Шопен;Chopin;Chopin;쇼팽;ショパン;Chopin;Chopin;شوبان
作者;Robert Burns;罗伯特·彭斯;羅伯特·彭斯;Robert Burns;Роберт Бернс;Robert Burns;Robert Burns;로버트 번스;ロバート・バーンズ;Robert Burns;Robert Burns;روبرت بيرنز
作者;Schubert;舒伯特;舒伯特;Schubert;Шуберт;Schubert;Schubert;슈베르트;シューベルト;Schubert;Schubert;شوبرت
作者;Chinese Folk Music;中国民谣;中國民謠;popular china;Китайская Народная;Folk chinesa;Chinese Folk;중국 민속;中国の民俗;Folk chinois;Folk cinese;الشعبي الصيني
作者;Saint-Seans;圣·桑;聖·桑;saint Saens;Сен-Санс;saint Saens;saint Saens;세인트 생상;サン=サーンス;Saint Saens;saint Saens;سانت Saens
作者;Sola;加贺谷玲;加賀谷玲;además 贺谷玲;Плюс 贺谷玲;além disso 贺谷玲;Plus-贺谷玲;플러스 贺谷玲;プラス贺谷玲;De plus 贺谷玲;Inoltre 贺谷玲;بالإضافة إلى 贺谷玲
作者;Russian Folk Music;俄罗斯民谣;俄羅斯民謠;Folk Ruso;русский фольк;Folk Russian;Russian Folk;러시아 민속;ロシア民謡;Russian Folk;Folk russo;الشعبية الروسية
作者;American Folk Music;美国民谣;美國民謠;popular de América;Американский фолк;folk americano;amerikanische Volks;미국의 민속;アメリカのフォーク;folk américain;folk americano;الشعبية الأمريكي
作者;Korean Folk Music;韩国民谣;韓國民謠;Folk coreana;Корейская традиционная;Folk-coreano;Korean Folk;한국 민속;韓国民俗;Folk coréen;Folk coreana;الشعبية الكورية
作者;My Girl;邦乔维;邦喬維;Bon Jovi;Bon Jovi;Bon Jovi;Bon Jovi;본 조비;ボン・ジョヴィ;Bon Jovi;Bon Jovi;بون جوفي
作者;Daydream;梦;夢;soñar;сниться;sonhar;Traum;꿈;夢;rêver;sognare;حلم
作者;yuanchuang;原创佳作触及心灵;原創佳作觸及心靈;Los trabajos originales toca el alma;Оригинальные работы затрагивает душу;obras originais toca a alma;Originalwerke berührt die Seele;오리지널 작품은 영혼을 감동;オリジナル作品は、魂に触れます;Les œuvres originales touche l'âme;Opere originali tocca l'anima;المصنفات الأصلية تلامس الروح
作者;Yiruma;石进;石進;Shi Jin;Ши Цзинь;shi Jin;Shi Jin;시 진;市ジン;Shi Jin;Shi Jin;شي جين
作者;FROZEN;克里斯汀·安德森-洛佩兹;克里斯汀·安德森-洛佩茲;Kristen Anderson - López;Кристен Андерсон - Лопес;Kristen Anderson - Lopez;Kristen Anderson - Lopez;크리스틴 앤더슨 - 로페즈;クリステン・アンダーソン - ロペス;Kristen Anderson - Lopez;Kristen Anderson - Lopez;كريستين اندرسون - لوبيز
作者;Congfei Wei;魏琮霏;魏琮霏;Wei Cong Fei;Вэй Конг Фэй;Wei Cong Fei;Wei Cong Fei;웨이 콩 페이;魏コング飛;Wei Cong Fei;Wei Cong Fei;وي كونغ فاي
作者;Russian Folk Music;俄罗斯民谣;俄羅斯民謠;Folk Ruso;русский фольк;Folk Russian;Russian Folk;러시아 민속;ロシア民謡;Russian Folk;Folk russo;الشعبية الروسية
作者;Congfei Wei;魏琮霏;魏琮霏;Wei Cong Fei;Вэй Конг Фэй;Wei Cong Fei;Wei Cong Fei;웨이 콩 페이;魏コング飛;Wei Cong Fei;Wei Cong Fei;وي كونغ فاي
作者;Yuxian Deng;邓雨贤;鄧雨賢;Teng Yu-hsien;Teng Yu-сянь;Teng Yu-hsien;Teng Yu-hsien;탱 유 시엔;トウ雨賢;Teng Yu-hsien;Teng Yu-hsien;تنغ يو هسين
作者;Beethoven;贝多芬;貝多芬;Beethoven;Бетховен;Beethoven;Beethoven;베토벤;ベートーベン;Beethoven;Beethoven;بيتهوفن
作者;Johann Strauss II;小约翰·施特劳斯;小約翰·施特勞斯;Johann Strauss;Иоганн Штраус;Johann Strauss;Johann Strauss;요한 스트라우스;ヨハン・シュトラウス;Johann Strauss;Johann Strauss;يوهان شتراوس
作者;SakoraWu;冯曦妤;馮曦妤;Fiona Fung;Fiona Fung;Fiona Fung;Fiona Fung;피오나 봉;フィオナ・フォン;Fiona Fung;Fiona Fung;فيونا فونغ
作者;Adapted by Congfei Wei;魏琮霏改编;魏琮霏改編;la adaptación Wei Cong Fei;Вэй Цун Фэй адаптации;adaptação Wei Cong Fei;Wei Cong Fei Anpassung;웨이 콩 페이 적응;魏コング飛適応;Wei Cong Fei adaptation;Wei Cong Fei adattamento;وي كونغ فاي التكيف
作者;Mendelssohn;门德尔松;門德爾松;Mendelssohn;Мендельсон;Mendelssohn;Mendelssohn;멘델스존;メンデルスゾーン;Mendelssohn;Mendelssohn;مندلسون
作者;Interlude of Online Drama;《喵星人抢不到》插曲;《喵星人搶不到》插曲;Gente de las estrellas del maullido agarran episodio;Мяу звезда людей захватить эпизод;Estrela Meow pessoas agarrar episódio;Meow Stern Menschen greifen Episode;에피소드를 "야옹 스타 사람들이 잡아";エピソードを「ニャースターの人々がつかみます」;Personnes Meow étoiles saisir épisode;Meow stella persone afferrare episodio;الناس نجم مواء انتزاع حلقة
作者;Clack Chen;陈黑黑;陳黑黑;Chen negro;Чэнь черный;Chen preto;Chen schwarz;첸 블랙;チェンブラック;Chen noir;Chen nero;تشن الأسود
作者;British carol;英国颂歌;英國頌歌;villancicos británicos;Британские колядки;canções de britânicos;Britische Weihnachtslieder;영국 캐롤;イギリスのキャロル;chants britanniques;carols inglesi;التراتيل البريطانية
作者;Bach;巴赫;巴赫;Bach;холостяк;Bach;Bach;바흐;バッハ;Bach;Bach;حياة العزاب
作者;William Cowper;威廉·科伯;威廉·科伯;William Cobb;Уильям Кобб;William Cobb;William Cobb;윌리엄 콥;ウィリアム・コブ;William Cobb;William Cobb;ويليام كوب
作者;Korean Folk Music;韩国民谣;韓國民謠;Folk coreana;Корейская традиционная;Folk-coreano;Korean Folk;한국 민속;韓国民俗;Folk coréen;Folk coreana;الشعبية الكورية
作者;Mozart;莫扎特;莫扎特;Mozart;Моцарт;Mozart;Mozart;모차르트;モーツァルト;Mozart;Mozart;موزارت
作者;Canadian Folk Music;加拿大民谣;加拿大民謠;popular canadiense;Канадский фолк;popular canadense;Canadian Folk;캐나다 민속;カナダのフォーク;folklorique canadienne;popolare canadese;قوم الكندي
作者;Beethoven;贝多芬;貝多芬;Beethoven;Бетховен;Beethoven;Beethoven;베토벤;ベートーベン;Beethoven;Beethoven;بيتهوفن
作者;Franz Gruber;弗朗茨·格鲁伯;弗朗茨·格魯伯;Franz Gruber;Франц Грубер;Franz Gruber;Franz Gruber;프란츠 그루버;フランツ・グルーバー;Franz Gruber;Franz Gruber;فرانز غروبر
作者;Francois Joseph Gossec;弗朗索瓦·约瑟·戈赛克;弗朗索瓦·約瑟·戈賽克;Francois José Ge Saike;Франсуа Джозеф Ge Saike;Francois Joseph Ge Saike;Francois Joseph Ge Saike;프랑소와 조셉 창 Saike;フランソワ・ジョセフのGe Saike;Francois Joseph Ge Saike;Francois Joseph Ge Saike;فرانسوا جوزيف قه SAIKE
作者;Ravel;拉威尔;拉威爾;enmarañar;распутывать;emaranhar;ausfransen;얽힘;ラベル;effilochage;sfilacciarsi;تنسيل
作者;Polish Folk Music;波兰民谣;波蘭民謠;popular polaca;Польский народный;popular polonês;polnischen Volks;폴란드어 민속;ポーランドの民俗;folklorique polonaise;popolare polacca;الشعبية البولندية
作者;Italian Folk Music;意大利民谣;意大利民謠;popular italiana;итальянская народная;popular italiana;italienische Volks;이탈리아어 민속;イタリア民謡;populaire italienne;popolare italiana;الشعبية الإيطالي
作者;Italian Folk Music;意大利民谣;意大利民謠;popular italiana;итальянская народная;popular italiana;italienische Volks;이탈리아어 민속;イタリア民謡;populaire italienne;popolare italiana;الشعبية الإيطالي
作者;Gullit;古利特;古利特;Gullit;Гуллит;Gullit;Gullit;굴리트;Gullit;Gullit;Gullit;خوليت
作者;Chopin;肖邦;肖邦;Chopin;Шопен;Chopin;Chopin;쇼팽;ショパン;Chopin;Chopin;شوبان
作者;Carl Bohm;卡尔·博姆;卡爾·博姆;Karl Bohm;Карл Бем;Karl Bohm;Karl Bohm;카를 뵘;カール・ベーム;Karl Bohm;Karl Böhm;كارل بوم
作者;Er Nie;聂耳;聶耳;Nie Er;Nie Er;Nie Er;Nie Er;니 어;聶耳;Nie Er;Nie Er;نيه ايه
作者;Russian Folk Music;俄罗斯民谣;俄羅斯民謠;Folk Ruso;русский фольк;Folk Russian;Russian Folk;러시아 민속;ロシア民謡;Russian Folk;Folk russo;الشعبية الروسية
作者;Mother Goose;鹅妈妈童谣;鵝媽媽童謠;Mother Goose;Матушки гусыни;Mother Goose;Mother Goose;마더 구스;マザー・グース;Mother Goose;Mother Goose;الأم أوزة
作者;Gexin Chen;陈歌辛;陳歌辛;Chen Gexin;Чэнь Gexin;Chen Gexin;Chen Gexin;첸 Gexin;陳歌辛;Chen Gexin;Chen Gexin;تشن Gexin
作者;Er Nie;聂耳;聶耳;Nie Er;Nie Er;Nie Er;Nie Er;니 어;聶耳;Nie Er;Nie Er;نيه ايه
作者;Kabalevsky;卡巴列夫斯基;卡巴列夫斯基;Kabalevsky;Кабалевский;Kabalevsky;Kabalevsky;Kabalevsky;カバレフスキー;Kabalevsky;Kabalevsky;Kabalevsky
作者;French Folk Music;法国民谣;法國民謠;balada francés;Французская баллада;balada Francês;Französisch Ballade;프랑스어 발라드;フランスのバラード;ballade française;ballata francese;أغنية فرنسية
作者;Zi Huang;黄自;黃自;Huang Zi;Хуан Цзы;Huang Zi;Huang Zi;황 닫아;黄紫;Huang Zi;Huang Zi;هوانغ تسى
作者;Beethoven;贝多芬;貝多芬;Beethoven;Бетховен;Beethoven;Beethoven;베토벤;ベートーベン;Beethoven;Beethoven;بيتهوفن
作者;Shimizu;清水修;清水修;reparación Shimizu;ремонт Shimizu;reparação Shimizu;Shimizu Reparatur;시미즈 수리;清水の修理;Shimizu réparation;riparazione Shimizu;إصلاح شيميزو
作者;August Ludvig Storm;奥古斯·特斯顿;奧古斯·特斯頓;Augusto · Te Sidun;Огастес · Te Sidun;Augustus · Te Sidun;Augustus · Te Sidun;아우구스투스 · 테 Sidun;アウグストゥス・テSidun;Augustus · Te Sidun;Augusto · Te Sidun;أوغسطس · تي Sidun
作者;Shostakovich;肖斯塔科维奇;肖斯塔科維奇;Shostakovich;Шостакович;Shostakovich;Schostakowitsch;쇼스타코 비치;ショスタコービッチ;Shostakovich;Shostakovich;شوستاكوفيتش
作者;Mozart;莫扎特;莫扎特;Mozart;Моцарт;Mozart;Mozart;모차르트;モーツァルト;Mozart;Mozart;موزارت
作者;Bizet;比才;比才;Bizet;Бизе;Bizet;Bizet;비제;ビゼー;Bizet;Bizet;بيزيه
作者;Liliuokalani;里留卡尼拉;裡留卡尼拉;La izquierda en Kani;Слева в Кани La;Deixado em Kani La;Links in Kani La;카니 라에서 왼쪽;可児ラに残さ;Gauche à Kani La;Lasciato a Kani La;غادر في كاني لا
作者;Beethoven;贝多芬;貝多芬;Beethoven;Бетховен;Beethoven;Beethoven;베토벤;ベートーベン;Beethoven;Beethoven;بيتهوفن
作者;Congfei Wei;魏琮霏;魏琮霏;Wei Cong Fei;Вэй Конг Фэй;Wei Cong Fei;Wei Cong Fei;웨이 콩 페이;魏コング飛;Wei Cong Fei;Wei Cong Fei;وي كونغ فاي
作者;American Folk Music;美国民谣;美國民謠;popular de América;Американский фолк;folk americano;amerikanische Volks;미국의 민속;アメリカのフォーク;folk américain;folk americano;الشعبية الأمريكي
作者;Bach;巴赫;巴赫;Bach;холостяк;Bach;Bach;바흐;バッハ;Bach;Bach;حياة العزاب
作者;Chinese Folk Music;中国民谣;中國民謠;popular china;Китайская Народная;Folk chinesa;Chinese Folk;중국 민속;中国の民俗;Folk chinois;Folk cinese;الشعبي الصيني
作者;Dj Okawari;Dj Okawari;Dj Okawari;Dj Okawari;Dj Okawari;dj Okawari;Dj Okawari;DJ Okawari;DJ OKAWARI;Dj Okawari;dj Okawari;دي جي Okawari
作者;Clementi;克莱门蒂;克萊門蒂;Clementi;Клементи;Clementi;Clementi;클레멘티;クレメンティ;Clementi;Clementi;كليمنتي
作者;Beethoven;贝多芬;貝多芬;Beethoven;Бетховен;Beethoven;Beethoven;베토벤;ベートーベン;Beethoven;Beethoven;بيتهوفن
作者;Raphael;拉斐尔;拉斐爾;Raphael;Рафаэль;Raphael;Raphael;라파엘;ラファエル;Raphael;Raphael;رافائيل
作者;Haydn;海顿;海頓;Haydn;Гайдн;Haydn;Haydn;하이든;ハイドン;Haydn;Haydn;هايدن
作者;Bizet;比才;比才;Bizet;Бизе;Bizet;Bizet;비제;ビゼー;Bizet;Bizet;بيزيه
作者;Unknown;佚名;佚名;anónimo;анонимный;anônimo;anonym;익명;匿名の;anonyme;anonimo;مجهول
作者;Ede Poldini;波迪尼;波迪尼;Bo Dini;Бо Дини;Bo Dini;Bo Dini;보 이니;ボーディーニ;Bo Dini;Bo Dini;بو ديني
作者;Polish Folk Music;波兰民谣;波蘭民謠;popular polaca;Польский народный;popular polonês;polnischen Volks;폴란드어 민속;ポーランドの民俗;folklorique polonaise;popolare polacca;الشعبية البولندية
作者;tonghua;童话经典回味无穷;童話經典回味無窮;cuento de hadas clásico memorable;Памятный классическая сказка;conto de fadas clássico memorável;Denkwürdige klassischen Märchen;기억에 남는 고전 동화;思い出に残る古典的なおとぎ話;Mémorable classique de conte de fées;Memorabile fiaba classica;لا تنسى الكلاسيكية خرافة
作者;English Folk Music;英国民谣;英國民謠;folk británico;Британский фолк;popular britânica;britischen Folk;영국의 민속;英国フォーク;folk britannique;popolare britannico;الشعبية البريطانية
作者;English Folk Music;英国民谣;英國民謠;folk británico;Британский фолк;popular britânica;britischen Folk;영국의 민속;英国フォーク;folk britannique;popolare britannico;الشعبية البريطانية
作者;Mozart;莫扎特;莫扎特;Mozart;Моцарт;Mozart;Mozart;모차르트;モーツァルト;Mozart;Mozart;موزارت
作者;Jacques Offenbach;奥芬巴赫;奧芬巴赫;Offenbach;Оффенбах;Offenbach;Offenbach;오펜 바흐;オッフェンバック;Offenbach;Offenbach;أوفنباخ
作者;Franz Liszt;弗朗兹·李斯特;弗朗茲·李斯特;Franz Liszt;Франца Листа;Franz Liszt;Franz Liszt;프란츠리스트;フランツ・リスト;Franz Liszt;Franz Liszt;فرانز ليزت
作者;Chopin;肖邦;肖邦;Chopin;Шопен;Chopin;Chopin;쇼팽;ショパン;Chopin;Chopin;شوبان
作者;Czerny;车尔尼;車爾尼;Czerny;Черни;Czerny;Czerny;체르니;チェルニー;Czerny;Czerny;تشيرني
作者;Bizet;比才;比才;Bizet;Бизе;Bizet;Bizet;비제;ビゼー;Bizet;Bizet;بيزيه
作者;Giuseppe Verdi;威尔第;威爾第;Verdi;Verdi;Verdi;Verdi;베르디;ベルディ;Verdi;Verdi;فيردي
作者;Shostakovich;肖斯塔科维奇;肖斯塔科維奇;Shostakovich;Шостакович;Shostakovich;Schostakowitsch;쇼스타코 비치;ショスタコービッチ;Shostakovich;Shostakovich;شوستاكوفيتش
作者;Mozart;莫扎特;莫扎特;Mozart;Моцарт;Mozart;Mozart;모차르트;モーツァルト;Mozart;Mozart;موزارت
作者;Beethoven;贝多芬;貝多芬;Beethoven;Бетховен;Beethoven;Beethoven;베토벤;ベートーベン;Beethoven;Beethoven;بيتهوفن
作者;Beethoven;贝多芬;貝多芬;Beethoven;Бетховен;Beethoven;Beethoven;베토벤;ベートーベン;Beethoven;Beethoven;بيتهوفن
作者;Tchaikovsky;柴可夫斯基;柴可夫斯基;Tchaikovsky;Чайковский;Tchaikovsky;Tschaikowsky;차이코프스키;チャイコフスキー;Tchaïkovski;Tchaikovsky;تشايكوفسكي
作者;Maksim Mrvica;马克西姆·姆尔维察;馬克西姆·姆爾維察;Maxime Muer Mitrovica;Maxime Muer Митровицкий;Maxime Muer Mitrovica;Maxime Muer Mitrovica;막심 Muer 미트로 비차;マクシムMuerミトロビツァ;Maxime Muer Mitrovica;Maxime Muer Mitrovica;ماكسيم Muer ميتروفيتسا
作者;Long;多年以前;多年以前;hace años;лет тому назад;anos atrás;vor Jahren;몇 년 전;数年前に;Il y a des années;anni fa;منذ سنوات
作者;Boccherini;博凯里尼;博凱里尼;Boccherini;Боккерини;Boccherini;Boccherini;보케리니;ボッケリーニ;Boccherini;Boccherini;Boccherini
作者;Mozart;莫扎特;莫扎特;Mozart;Моцарт;Mozart;Mozart;모차르트;モーツァルト;Mozart;Mozart;موزارت
作者;Mozart;莫扎特;莫扎特;Mozart;Моцарт;Mozart;Mozart;모차르트;モーツァルト;Mozart;Mozart;موزارت
作者;Mozart;莫扎特;莫扎特;Mozart;Моцарт;Mozart;Mozart;모차르트;モーツァルト;Mozart;Mozart;موزارت
作者;Joseph Kuffner;约瑟夫·库夫纳;約瑟夫·庫夫納;Josef Kufner;Josef Куфнер;Josef Kufner;Josef Kufner;요셉 KUFNER;ヨーゼフKufner;Josef Kufner;Josef Kufner;جوزيف Kufner
作者;G. Lange;朗格;朗格;Lange;Lange;Lange;Lange;랭;ランゲ;Lange;Lange;لانج
作者;F. Burgmuller;布格缪勒;布格繆勒;Bouguer Mueller;Бугера Mueller;Bouguer Mueller;Bouguer Mueller;부게 뮬러;ブーゲーミューラー;Bouguer Mueller;Bouguer Mueller;Bouguer مولر
作者;Robert Schumann;舒曼;舒曼;Schumann;Шуман;Schumann;Schumann;슈만;シューマン;Schumann;Schumann;شومان
作者;Diabelli;狄亚贝利;狄亞貝利;Díaz Bailey;Диас Бейли;Diaz Bailey;Diaz Bailey;디아즈 베일리;ディアスベイリー;Diaz Bailey;Diaz Bailey;دياز بيلي
作者;Mozart;莫扎特;莫扎特;Mozart;Моцарт;Mozart;Mozart;모차르트;モーツァルト;Mozart;Mozart;موزارت
作者;Jacques Offenbach;奥芬巴赫;奧芬巴赫;Offenbach;Оффенбах;Offenbach;Offenbach;오펜 바흐;オッフェンバック;Offenbach;Offenbach;أوفنباخ
作者;Cramer;克拉莫;克拉莫;Cramer;Крамер;Cramer;Cramer;크레이머;クラマー;Cramer;Cramer;كريمر
作者;Prohaska;普罗修斯卡;普羅修斯卡;ska General de la reparación;Капитальный ремонт ска;ska Geral de reparação;Allgemeine Reparatur ska;일반 수리 스카;一般的な修理スカ;réparation générale ska;Generale riparazione ska;سكا إصلاح العام
作者;Bach;巴赫;巴赫;Bach;холостяк;Bach;Bach;바흐;バッハ;Bach;Bach;حياة العزاب
作者;Jean Sibelius;西贝柳斯;西貝柳斯;Sibelius;Сибелиус;Sibelius;Sibelius;시벨리우스;シベリウス;Sibelius;Sibelius;سيبيليوس
作者;Weber;韦伯;韋伯;Webber;Уэббер;Webber;Webber;웨버;ウェバー;Webber;Webber;ويبر
作者;George F.Root;鲁特;魯特;routt;Routt;Routt;Routt;Routt;Routt;Routt;Routt;روت
作者;William J.Kirkpatrick;柯克帕特里克;柯克帕特里克;Kirkpatrick;Киркпатрик;Kirkpatrick;Kirkpatrick;커크 패트릭;カークパトリック;Kirkpatrick;Kirkpatrick;كيركباتريك
作者;Mozart;莫扎特;莫扎特;Mozart;Моцарт;Mozart;Mozart;모차르트;モーツァルト;Mozart;Mozart;موزارت
作者;Bach;巴赫;巴赫;Bach;холостяк;Bach;Bach;바흐;バッハ;Bach;Bach;حياة العزاب
作者;Mozart;莫扎特;莫扎特;Mozart;Моцарт;Mozart;Mozart;모차르트;モーツァルト;Mozart;Mozart;موزارت
作者;Karl Hans;卡尔·汉斯;卡爾·漢斯;Karl Hans;Карл Ганс;Karl Hans;Karl Hans;칼 한스;カール・ハンス;Karl Hans;Karl Hans;كارل هانز
作者;Ferdinand Beyer;费迪南德·拜厄;費迪南德·拜厄;Ferdinand Beyer;Фердинанд Бейер;Ferdinand Beyer;Ferdinand Beyer;페르디난트 바이어;フェルディナント・バイエル;Ferdinand Beyer;Ferdinand Beyer;فرديناند باير
作者;Chopin;肖邦;肖邦;Chopin;Шопен;Chopin;Chopin;쇼팽;ショパン;Chopin;Chopin;شوبان
作者;Chinese Folk Music;中国民谣;中國民謠;popular china;Китайская Народная;Folk chinesa;Chinese Folk;중국 민속;中国の民俗;Folk chinois;Folk cinese;الشعبي الصيني
作者;Bach;巴赫;巴赫;Bach;холостяк;Bach;Bach;바흐;バッハ;Bach;Bach;حياة العزاب
作者;Hermann Necke;赫尔曼·奈克;赫爾曼·奈克;Hermann Naik;Герман Найк;Hermann Naik;Hermann Naik;헤르만 Naik는;ヘルマン・ナイク;Hermann Naik;Hermann Naik;هيرمان نايك
作者;Carl Bohm;卡尔·博姆;卡爾·博姆;Karl Bohm;Карл Бем;Karl Bohm;Karl Bohm;카를 뵘;カール・ベーム;Karl Bohm;Karl Böhm;كارل بوم
作者;Ancient Welsh Music;威尔士古曲;威爾士古曲;Música Clásica Welsh;Welsh Классическая музыка;Música Clássica Welsh;Welsh Klassische Musik;웨일스어 클래식 음악;ウェールズのクラシック音楽;Welsh Musique classique;Welsh Musica Classica;الموسيقى الكلاسيكية ويلز
作者;Johann Baptist Vanhal;约翰·巴蒂斯特·万哈尔;約翰·巴蒂斯特·萬哈爾;Juan Bautista Wan Hal;Джон Баптист Ван Хал;John Baptiste Wan Hal;John Baptiste Wan Hal;요한 밥 티스트 완 핼;ジョン・バプティストワンハル;John Baptiste Wan Hal;John Baptiste Wan Hal;جون باتيست وان هال
作者;Grieg;格里格;格里格;Grieg;Григ;Grieg;Grieg;그리그;グリーグ;Grieg;Grieg;غريغ
作者;Frank Meacham;米查姆;米查姆;Frank Meacham;Frank Meacham;Frank Meacham;Frank Meacham;프랭크 미챔;フランク・ミーチャム;Frank Meacham;Frank Meacham;فرانك ميتشام
作者;Johannes Brahms;勃拉姆斯;勃拉姆斯;Johannes Brahms;Иоганнес Брамс;Johannes Brahms;Johannes Brahms;요하네스 브람스;ヨハネス・ブラームス;Johannes Brahms;Johannes Brahms;يوهانس برامز
作者;Pascual Marquina;马基纳;馬基納;Pascual Marquina;Pascual Marquina;Pascual Marquina;Pascual Marquina;마키나;マルキナ;Margina;Pascual Marquina;باسكال مركنا
作者;Francisco Tarrega;塔雷加;塔雷加;Francisco Tarrega;Франсиско Таррега;Francisco Tarrega;Francisco Tarrega;타레가;フランシスコ・タレガ;Francisco Tarrega;Francisco Tarrega;فرانسيسكو تاريغا
作者;Spanish Folk Music;西班牙民谣;西班牙民謠;Música folklórica española;Испанская народная песня;Música folclórica espanhola;"Spanischer Folk;;;;;
作者;J.S. Bach;J.S. 巴赫;J.S. 巴赫;J.S. Bach;И. С. Бах;J.S. Bach;J.S. Bach;요한 세바스티안 바하;ヨハン・ゼバスティアン・バッハ;J.S. Bach;J.S. Bach;جي اس باخ
成就;Watch video %d times.;观看%d次视频;觀看%d次視頻;Ver video %d veces.;Смотреть видео в %d раз.;Assista ao vídeo %d vezes.;Video ansehen %d mal.;비디오 %d 회보기;ビデオ%d回を見ます;Regarder la vidéo %d fois.;Guarda il video %d volte.;مشاهدة الفيديو %d مرات.
成就;Total buy %d coins.;购买金币数量达到:%d;購買金幣數量達到:%d;Total de compra %d monedas.;Общая купить %d монет.;Total de comprar %d moedas.;Insgesamt kaufen %d Münzen.;수량 골드에 도달 : %d;数量ゴールドに達し：%d;Total acheter %d pièces de monnaie.;Totale acquistare %d monete.;إجمالي شراء %d قطعة نقدية.
成就;Number of stars:%d.;总的星星数量达到:%d;總的星星數量達到:%d;Número de estrellas:%d.;Количество звезд: %d.;Número de estrelas: %d.;Anzahl der Sterne: %d.;별의 총 수는 도달 : %d;到達するための星の総数：%d;Nombre d'étoiles: %d.;Numero di stelle: %d.;عدد النجوم: %d.
成就;Number of crowns:%d.;皇冠数量达到:%d;皇冠數量達到:%d;Número de coronas:%d.;Количество венцов: %d.;Número de coroas: %d.;Anzahl der Kronen: %d.;크라운 도달 수 : %d;クラウンリーチ数：%d;Nombre de couronnes: %d.;Numero di corone: %d.;عدد من التيجان: %d.
成就;Continue the game %d times.;继续游戏次数达到:%d;繼續遊戲次數達到:%d;Continuar los %d veces juego.;Продолжайте игру %d раз.;Continue o jogo %d vezes.;Weiter das Spiel %d mal.;개수에 도달하는 게임을 계속 : %d;数に到達するためにゲームを続行：%d;Continuer le jeu %d fois.;Continuare il gioco %d volte.;مواصلة اللعب %d مرة.
成就;Unlock %d songs by coins.;使用金币解锁歌曲数量达到:%d;使用金​​幣解鎖歌曲數量達到:%d;Desbloquear %d canciones por las monedas.;Разблокировать %d песен монетами.;Desbloquear %d músicas de moedas.;Schalte %d Songs von Münzen.;동전에 의해 %d 곡의 잠금을 해제합니다.;コインによって%d曲のロックを解除します。;Débloquez %d chansons par des pièces de monnaie.;Sblocca %d canzoni di monete.;فتح %d أغاني العملات.
成就;Value of life total buy:%d.;购买生命数量达到:%d;購買生命數量達到:%d;Valor de compra total de vida:%d.;Ценность жизни общей покупки: %d.;Valor da compra total de vida: %d.;Wert des Lebens insgesamt kaufen: %d.;나중에 삶의 수에 도달 : %d;その後の生活の数に達し：%d;Valeur de la vie achat total: %d.;Valore della vita di acquisto totale: %d.;قيمة الحياة الكلي شراء: %d.
